Username,Email,Password
xmorton,summer53@example.net,_1(VeH1cUW
williamjimenez,angelanguyen@example.com,(0BkRji!ba
ebender,bondsandra@example.com,+56KOwew+F
loweryandrew,ashleybrown@example.net,Y6pD&(zv(h
davidmueller,whitneyhawkins@example.com,8$%KgKoR#A
mary17,nunezpamela@example.net,9Oa57L3g)@
cynthiamorrison,cramirez@example.com,D7SAyYOd@u
williamgarcia,harmonjennifer@example.net,ht$o7DLfr+
srice,chandlerdale@example.org,di36OI$0W^
vgibson,bradfordeddie@example.com,Q+JhSjls%4
ppowers,daniel53@example.net,)p2AwTJd2&
jenniferrusso,david13@example.com,m0)dTid&)u
woodserika,sanchezbrenda@example.net,61aBKUwD_y
brycekennedy,hhood@example.net,Z7SnBg8T)V
dkelley,jasoncole@example.com,ZF9jzMDp#i
raymondlaura,stephanieryan@example.com,EO$3AKnchr
richardmacdonald,turnerkevin@example.net,O+6gj!YnH(
sandovalluis,brandy22@example.com,^JF6LFu1P9
kjones,holly94@example.org,(7Q#qLee*)
leslie50,norman73@example.net,^U3OH0ifyS
gardnerrobert,jacob71@example.org,$h)S27CjX2
katiewright,jeremy33@example.net,^eG)%1TbAe
colediana,patrick52@example.net,60UZlsIR#4
holmesjames,cnelson@example.net,I^LYI3jyFG
ytran,dcameron@example.net,&5HdVzFgCt
linda93,alexishughes@example.com,kSU11tFuW@
mwhitehead,karlwalker@example.net,$laP3a4Y29
cookandrea,cannonrhonda@example.net,^d18RRbtO4
mary63,samanthacochran@example.net,(hj7RIfrjC
gutierrezdavid,salinascarla@example.org,1LD1bGh)_7
hwilson,hughesbrent@example.org,#u$8Suhr(a
grahamamanda,aaronstout@example.net,4a3UAhm@#q
kathleenmeza,xlee@example.org,5tNXiCnh+t
dcraig,xwoodward@example.org,tQDSzXbf^1
larryosborn,kathleennorris@example.com,)0BM#2+3xW
ashleyolson,crystal02@example.com,U7d0YZFbJ(
shieldschris,suzanne09@example.com,aRp0^#Do$W
christinajimenez,melissareed@example.com,9LRBShYS_1
kellyjohn,nmartin@example.org,&NV7SVhCD1
michael10,jennifermason@example.com,!5U6pEv023
tanya02,melanie72@example.net,Jw)kE!eD#6
kristina19,eharris@example.net,xc9Mc3W#L+
mcintyrexavier,blang@example.org,%o*MtAKq!0
alexanderoliver,qwheeler@example.net,@fc3FE&qh)
julia41,samuelmorgan@example.com,Jd0nQREHC+
schmidttyler,kgonzales@example.net,Dz)2)I2g&y
hgardner,angel12@example.net,tX#j1Yxf69
pierceleslie,tracy91@example.org,$2EKy1gMIy
ayalakevin,rachelmelendez@example.org,TRDD3hus+4
randallhernandez,jose57@example.org,(U)(tuvM3G
brucesmith,timothybuchanan@example.net,xm08NDqJ^%
johnsonjennifer,lori71@example.net,6SXzIDEk%*
mary39,ramirezrichard@example.net,qiD5SKNz^7
katie73,stephensims@example.org,^3I5zvW*ZG
michelle75,uboyer@example.org,2+5OtZv^YN
christyvazquez,julie61@example.org,#TZY(dlC%0
jerry66,james61@example.net,n53XHxsC%R
fergusonmelanie,ramirezmichael@example.org,^oNObOkr1(
martinezsteven,timothy70@example.org,G$S7BKugyI
brownjames,jenniferjones@example.org,^!8!Blq)P1
tara55,zjames@example.com,6lTg*QTJ+4
ltorres,hgonzalez@example.com,4fJ0sSN1)l
cassandra98,michaelmorales@example.net,+YmRj%b5N7
macdonaldannette,cooklucas@example.org,@!3MV#zmIk
stewarttimothy,byrdmolly@example.com,60H)FtTm#z
roymeyers,rodriguezcarrie@example.org,(FWL$#4j^2
melaniewood,amber86@example.org,5NSc&uf6^g
harperbarbara,glee@example.net,(&!9wDt%90
ogonzalez,tconley@example.org,#U0MLWpyy*
walterkennedy,kwilson@example.net,g6N7IbSG*z
jstewart,newmanmatthew@example.com,2JJjxcz4!X
dklein,lvelasquez@example.org,VV$gI1TuO8
davispeggy,mreyes@example.org,Bq5R!nkt+p
ogomez,fordrenee@example.com,%BV0E&lUrS
utucker,tracicochran@example.net,%+llQq))2J
pwright,nancy11@example.com,$a8vVQx#I8
william74,melissa61@example.com,(aYqvcfB15
jessicawilson,michaelcollins@example.net,ic3*8OKj4p
kimberly50,vargaselizabeth@example.com,qEFutLgv%3
amanda22,ojefferson@example.net,s7cAyKU1!s
andrewlyons,sotohenry@example.com,BpnJi%3h&9
kathryn95,katrinasmith@example.org,^^f@e1TT1r
chapmanlaura,larsenmary@example.com,&9YuI!Aa_1
martin64,shernandez@example.org,*1TaD&BFfY
wrightbernard,stephanie46@example.com,&p)84BRd_8
james59,grahamlaurie@example.org,G6mDwSiY)0
yoderbrittany,shirleywalker@example.org,v0yL&mvQ@5
aarnold,cynthia08@example.net,Zl0WGtJd!I
smithmichael,tranlance@example.com,Xn9@0DJf_F
xjohnson,hughescynthia@example.net,@f7Oy@Bp$+
haynesmelissa,zromero@example.org,!fk6A9@sja
mooreshaun,cmorrow@example.net,)z2RzLGpT(
travis50,stephaniesmith@example.org,xbq2IVud$e
gjohnson,whitejennifer@example.com,(igh7GW$W*
michellechristian,oyoung@example.com,(Tn2YEex!5
wbarry,alexanderjeffrey@example.net,%x1yeXB0b)
stephen44,pthomas@example.net,_12Y6_2oun
audreybradley,mercermegan@example.org,C+n6HgJemC
emilymoore,warren28@example.org,c51Re@Flp_
martinezlauren,murrayjessica@example.net,)cCMfSiuM2
